עיר,רחוב 1,רחוב 2,מרחק (מטר),קו רוחב 1,קו אורך 1,קו רוחב 2,קו אורך 2
ירושלים,Military Road,طريق عسكري,2046,31.8128315,35.2407621,31.8171061,35.2618218
חיפה,אריה שנקר,מטרונית,1828,32.8074478,35.062323,32.8235559,35.0584106
רעננה,אחוזה,השרון,1788,32.1814719,34.8700693,32.1774498,34.8884634
חיפה,מטרונית,שדרות המגינים,1671,32.8170818,35.0001729,32.8241876,34.9844215
נוף הגליל,אריאב מנחם,תבור,1489,32.7077924,35.3331652,32.7045346,35.317725
חיפה,העצמאות,מטרונית,1410,32.823664,34.9927595,32.8141704,35.0027666
בת ים,בלפור,הרצל,1327,32.0309067,34.7441822,32.0190292,34.7455834
ירושלים,הכביש האמריקאי,כביש טבעת מזרחי,1250,31.7353068,35.2505329,31.7262432,35.2427114
חיפה,מטרונית,"שדרות פלי""ם",1158,32.8169478,35.0002177,32.808565,35.0075658
ראשון לציון,נחמיה,עזרא,1133,31.953567,34.8161524,31.9506045,34.8276419
יקנעם עילית,טיילת יער אליקים,"טיילת קק""ל",1101,32.6520891,35.0971876,32.6460836,35.0878379
רמת גן,אבא הלל סילבר,רוקח,1083,32.0949753,34.8194359,32.0897959,34.8097044
הרצליה,המעפילים,קרן היסוד,1046,32.1800337,34.8157676,32.1821091,34.8049274
אילת,דרך צבאית,מעבר צפרא (נ' שלמה-נ' גישרון),1015,29.5556638,34.8831372,29.5619152,34.890779
בית שמש,אילפא,תלמוד בבלי,1002,31.6992499,34.9684062,31.7034228,34.95902
רמת גן,רוקח,שדרת הנרקיסים,955,32.0958043,34.8184366,32.0924891,34.8090884
קריית טבעון,חיים ויצמן,טיילת קריית חרושת,925,32.6997194,35.1057821,32.691737,35.1085713
חיפה,דוד אלעזר,חוף הכרמל,873,32.8025579,34.9574647,32.8103047,34.9559237
חיפה,כבירים,רענן,867,32.8022446,34.9773734,32.8066254,34.969703
בני ברק,601,"לח""י",862,32.1031597,34.8375008,32.1044845,34.8465209
אשדוד,האשלג,המתכת,851,31.8306921,34.6738754,31.8316836,34.6828119
ירושלים,האומן,משה ברעם,842,31.7487839,35.2055658,31.7455811,35.2136375
ירושלים,הכביש האמריקאי,כביש שירות - גדר ההפרדה,834,31.7328092,35.2487278,31.7399035,35.2515948
חריש,אלון,גפן,818,32.4610439,35.0428619,32.4672577,35.0381885
ירושלים,אהרון שולוב,דרך נדב,818,31.7435991,35.1721224,31.7457138,35.1638401
חיפה,מטרונית,"צייזל, ירוחם",793,32.7977942,35.0196667,32.8026319,35.0134281
טבריה,הגבורה,כרכום,771,32.7870641,35.5288716,32.7801516,35.5282151
ירושלים,קפלן,רופין,755,31.7801817,35.1990971,31.7749488,35.2041842
כרמיאל,ביכורים,קציר,750,32.9155841,35.2779312,32.9167637,35.2700192
ראשון לציון,החלוצים,נווה דקלים,747,31.9810146,34.7584216,31.9829569,34.7659985
כרמיאל,הגליל,צה״ל,729,32.9207848,35.3036965,32.9142342,35.3035574
ירושלים,דב גרונר,עולי הגרדום,724,31.7471805,35.2375804,31.7530231,35.2341898
מבשרת ציון,השלום,כלנית,706,31.8042289,35.1539607,31.8022451,35.1610584
ירושלים,יוסי בן יועזר,"רשב""ג",697,31.7579493,35.2102868,31.7528022,35.2060746
ראשון לציון,אופנידן,שדרות יצחק רבין,697,31.9729498,34.7693155,31.9760547,34.7628936
ערד,אשד,הקנאים,674,31.2505178,35.1962906,31.2558406,35.1996877
כפר ורדים,ארבל,לוטם,658,32.9976473,35.2704949,33.0000164,35.2640267
באר שבע,שאול המלך,שדרות גולדה מאיר,653,31.255118,34.7666735,31.2597402,34.7709065
רמת גן,אלוף דוד,גבעתי,622,32.0533348,34.817194,32.0585798,34.8194925
נס ציונה,הבנים,רחבעם זאבי,621,31.9305808,34.807618,31.925128,34.8090573
חריש,טופז,שוהם,619,32.467058,35.0485015,32.4655807,35.0421425
חיפה,אברהם ויינשל,ראול ולנברג,607,32.7784179,34.9869371,32.7784295,34.9804489
כרמיאל,אנקור,נחניאלי,594,32.9054976,35.289093,32.9020062,35.2939145
יקנעם עילית,אביטל,יער אודם,592,32.6371382,35.0856481,32.6381225,35.0918626
כרמיאל,מצפה נוף,רמים,588,32.9196923,35.2920705,32.9200881,35.2983532
רמת גן,אלוף דוד,רמת חן,588,32.0534408,34.8161989,32.0583405,34.8185367
זכרון יעקב,מוסקט,ענבים,587,32.5512379,34.9612919,32.5558118,34.9644105
הרצליה,גלי תכלת,המעפילים,576,32.1804325,34.8040042,32.1848278,34.8072526
אלעד,רבן יוחנן בן זכאי,שמעון הצדיק,576,32.0484441,34.965866,32.0475071,34.9598561
ראש העין,המלאכה,העמל,571,32.1071199,34.9711419,32.1083594,34.9652538
מבשרת ציון,גפן,כרמים,571,31.7908489,35.1451433,31.7911174,35.1511724
יקנעם עילית,הכרמל,ואדי מילק,567,32.6613492,35.1047843,32.6573115,35.1010847
רמת גן,הבילויים,שרה אהרונסון,558,32.0609725,34.8216278,32.0599775,34.8274311
חיפה,הגיבורים,מטרונית,553,32.804239,35.0048242,32.8019891,35.0100973
ירושלים,אורוגואי,גואטמלה,552,31.7551107,35.1772947,31.7599957,35.1762699
רמת גן,אלוף דוד,רזיאל,552,32.0542502,34.8229817,32.0590163,34.8213537
שדרות,כניסת ספקים,מנחם בגין,549,31.5212219,34.5935616,31.5178376,34.5893492
מודיעין-מכבים-רעות,אלה,שדרות האורנים,543,31.8924832,35.0141788,31.8889328,35.0181349
רמת גן,אלוף דוד,אלכסנדרוני,543,32.0535986,34.8153139,32.0580951,34.8175688
בני ברק,אבו חצירא,אבוחצירא,538,32.092375,34.8332916,32.0963065,34.8299646
נוף הגליל,מורן,ניצן,536,32.7254318,35.3346781,32.7207074,35.3335489
בית שאן,המייסדים,לוי אשכול,535,32.4872126,35.4973238,32.4888136,35.4919448
ירושלים,ניתאי הארבלי,קנאי הגליל,531,31.7518858,35.2028128,31.7559729,35.1999148
גבעתיים,הרצוג,קפלנסקי,529,32.0644711,34.8144658,32.0620192,34.8192792
ערד,אשד,נחל,529,31.2510404,35.1976973,31.2552658,35.2002584
ירושלים,הציפורן,יפה רום,529,31.7320268,35.1899473,31.7367786,35.1901924
באר שבע,דרך חברון,רוטשילד,524,31.240934,34.8013364,31.2447929,34.8045048
אילת,החשמונאים,הנבטים,524,29.5515993,34.9305612,29.5493124,34.9352994
חיפה,דרך גבעת העיזים,שביל הפסגה,521,32.7724635,34.9884953,32.7724408,34.9829261
נוף הגליל,אריאב מנחם,קישון,510,32.707847,35.332688,32.708088,35.3272458
טבריה,הדקל,צאלון,505,32.7864752,35.5265979,32.7830189,35.5300983
חיפה,חטיבת גולני,מטרונית,500,32.8080941,35.0080353,32.8116507,35.0047662
כפר ורדים,חירם,חרמון,498,32.9933465,35.2772406,32.9914678,35.2723993
אשקלון,דרום אפריקה,יהונסבורג,497,31.675431,34.5699145,31.6798905,34.5702615
כרמיאל,הפרחים,מורד הגיא,497,32.905285,35.2963563,32.9055599,35.3016659
אשדוד,יצחק הנשיא,יצחק נשיא,493,31.7968339,34.6580468,31.7991664,34.6536084
זכרון יעקב,החצב,הסתוונית,491,32.5838544,34.9529235,32.5882535,34.9525044
עפולה,חבצלת,לוטם,489,32.6166112,35.2804917,32.6145025,35.2850747
נוף הגליל,מורן,עדעד,488,32.7259922,35.3331555,32.7221237,35.3306837
ירושלים,המלך ג'ורג',המלך ג׳ורג׳,487,31.7793329,35.215749,31.7752901,35.217738
ירושלים,אגסי,קצנלבוגן,478,31.786534,35.1753213,31.783252,35.1785901
כפר ורדים,אבני החושן,שוהם,477,33.0070133,35.2501747,33.0053956,35.2549142
הרצליה,יציאת אירופה,קיבוץ גלויות,474,32.1667239,34.8602132,32.1706933,34.8620628
באר שבע,מרווה,רוזמרין,473,31.2559952,34.7565342,31.2596055,34.7539007
ירושלים,בית הכרם,הרצל,472,31.7801025,35.1880976,31.78268,35.1920637
פתח תקווה,אבא אחימאיר,"י""ד הבנים",471,32.073807,34.8826496,32.0715984,34.8783879
ירושלים,דוד רזיאל,מרדכי אלקחי,464,31.7516949,35.2312174,31.7475274,35.2314494
דימונה,המעפיל,הפיסגה,462,31.0694608,35.0432812,31.0719688,35.0394094
אשקלון,השבטים,ראובן,462,31.6496779,34.584036,31.6538241,34.5842755
יקנעם עילית,הנוריות,הציפורנים,461,32.6548822,35.1112616,32.6584935,35.1088374
חיפה,מטרונית,שדרות ג'יימס דה רוטשילד,458,32.8240591,34.9846716,32.8281157,34.9837964
חריש,אורן,שקד,457,32.4567946,35.0391245,32.455853,35.0438663
נוף הגליל,יקינטון,עטרה,452,32.7211103,35.3356937,32.7249667,35.3372131
ירושלים,הרב אהרון ברנד,חי טייב,449,31.781583,35.1732331,31.7855552,35.1723806
רמת גן,השר משה,חד נס,447,32.0662093,34.821805,32.0656645,34.8265082
אילת,דקר,זהרון,446,29.5571441,34.9318208,29.5563713,34.9363429
חיפה,העוגן,התורן,445,32.8256521,34.9609031,32.8289216,34.9636435
ראש העין,חרמון,כרמל,443,32.089301,34.9620062,32.0931568,34.9632062
אשדוד,פורצי הדרך,קרן קיימת לישראל,443,31.7801213,34.6475763,31.7830795,34.6507082
קריית אונו,יאיר שטרן,לוי אשכול,439,32.049756,34.8640135,32.053692,34.8644322
ירושלים,אלעזר בן יאיר,קנאי הגליל,439,31.7517788,35.20325,31.7547942,35.2002518
שדרות,המכבים,מקוה ישראל,438,31.5317282,34.5815442,31.5322503,34.5861219
ירושלים,סול ליפצין,שאול אביגור,436,31.7247981,35.2237588,31.7234865,35.2194147
באר שבע,דרך חברון,הנגרים,435,31.243454,34.8060073,31.2409466,34.8024965
אריאל,הנגב,הערבה,434,32.1050967,35.1874822,32.1050395,35.182874
חיפה,ההגנה,כביש החוף,433,32.7995126,34.9612674,32.7956826,34.9621032
ירושלים,טיילת הגבורה,שמחה הולצברג,433,31.8363727,35.2320374,31.832782,35.2338011
ירושלים,מעגלות הרב פרדס,נווה יעקב,431,31.8404908,35.2403178,31.8443634,35.240212
חיפה,אלברט שוייצר,ראול ולנברג,430,32.7806835,34.9816951,32.7792032,34.9859494
ירושלים,דוידזון,ניות,427,31.7706286,35.2060073,31.767929,35.2027915
מודיעין-מכבים-רעות,דוכיפת,נחליאלי,426,31.895851,34.9910197,31.8976375,34.9950146
באר שבע,אבן שושן,בינימין מזר,426,31.2454741,34.7584381,31.243273,34.7621064
אשדוד,רוגוזין,רוגזין,418,31.804711,34.642811,31.8081793,34.644529
אשקלון,דרום אפריקה,יחזקאל זונאבנד,417,31.6778127,34.5648024,31.6807394,34.5675495
כרמיאל,אשכולות,זמורה,416,32.9123038,35.2893368,32.9098297,35.2859883
אפרת,הזורעים,העומר,414,31.6813122,35.1701307,31.6831469,35.1739346
עפולה,האירוסים,חצב,414,32.6178519,35.3255333,32.6157597,35.3291861
חולון,ארבע ארצות,הסנהדרין,411,32.0040952,34.7666075,32.0026722,34.7625901
כפר ורדים,נופך,שוהם,410,33.0062564,35.2500819,33.0047691,35.2541088
אילת,דובדבן,האגס,409,29.5455406,34.9402112,29.5481921,34.937284
בית שאן,בבא סאלי,הלורד בלפור,409,32.4895987,35.4976587,32.4879534,35.5015532
ירושלים,"חזון אי""ש",חזון איש,406,31.807992,35.2249498,31.8078723,35.2206583
ראשון לציון,הרקפת,השזיף,404,31.9506045,34.8276419,31.9540619,34.8289485
זכרון יעקב,כביש חיפה רעננה,כביש חיפה-רעננה,403,32.5751875,34.9388597,32.571682,34.9377822
שדרות,המכבים,קרן קיימת לישראל,402,31.5315091,34.5865346,31.5305202,34.5824563
יקנעם עילית,חרמון,יער אודם,402,32.6380654,35.091825,32.6367372,35.0878336
באר שבע,מבצע חורב,מבצע נחשון,400,31.2620161,34.7874876,31.2596029,34.7843663
ירושלים,החורש,משעול העזרד,400,31.8074994,35.1989294,31.8097004,35.2022723
אשדוד,בעלי המלאכה,ההדרים,399,31.8140344,34.6628308,31.8176227,34.6629024
גבעתיים,"הל""ה","הפלמ""ח",399,32.0729505,34.8016778,32.0734175,34.8058722
חיפה,בר יהודה,מטרונית,397,32.7977942,35.0196667,32.7994575,35.0159055
בית שמש,הרב יעקב אדלשטיין,הרב ישראל גרוסמן,397,31.7199908,34.9819516,31.7187241,34.9858722
ירושלים,משקלוב,שאולזון הרב,396,31.7857158,35.1740618,31.788981,35.1723771
אשקלון,השקמה,יחזקאל זונאבנד,395,31.6776927,34.5651969,31.6804561,34.5678242
לוד,אדמונית,אהרון לובלין,395,31.9611109,34.8793839,31.9599515,34.8833401
ראש העין,אביטל,גלעד,395,32.0929114,34.9745859,32.0938028,34.9786403
מבשרת ציון,ארבל,תבור,394,31.8063064,35.1501957,31.8074821,35.1541323
נוף הגליל,יקינטון,מורן,393,32.7246797,35.3348164,32.7211448,35.3346204
חריש,ברקת,טופז,393,32.467309,35.0441471,32.466254,35.0481499
כפר סבא,השופטים,נביאים,392,32.1847531,34.9383108,32.1878596,34.9402894
ראשון לציון,רבי יהודה הנשיא,רבי משה בן נחמן,392,31.9484878,34.8125193,31.9474271,34.8164848
ראשון לציון,ניר דוד,שער הגולן,392,31.9611043,34.7787821,31.9604889,34.7746912
פתח תקווה,יוני נתניהו,שרגא רפאלי,392,32.1072068,34.8788308,32.104513,34.8815112
בית שאן,מעפילי אגוז,שדרות יצחק רבין,391,32.4859902,35.49574,32.4878698,35.4922126
ראשון לציון,ירמיהו הנביא,נחמיה,391,31.950061,34.815845,31.953567,34.8161524
ירושלים,גדרה,"המ""ג",391,31.7920483,35.1999857,31.7955057,35.1992403
קרני שומרון,הגבורה,ההתנחלות,389,32.1700781,35.0949722,32.1690461,35.0989164
ירושלים,ירמיהו,תובל,387,31.7921499,35.2075959,31.7916381,35.2035461
באר שבע,יהודה הנחתום,יהושע הצורף,386,31.2559742,34.8172165,31.2576416,34.8136572
באר שבע,רינגלבלום,שדרות יצחק רגר,385,31.2695485,34.7980994,31.2660912,34.7980093
בית שמש,נהר דן,שדרות נהר הדן,384,31.7149499,34.9787769,31.7178171,34.9810457
נוף הגליל,אורנים,כרמל,380,32.7049862,35.3166256,32.7075992,35.3140028
לוד,אליעזר קפלן,ההסתדרות,379,31.9425044,34.8870942,31.9416316,34.8832092
אשקלון,גבעתי,הראל,379,31.6799873,34.5647093,31.6827603,34.5670412
באר שבע,בלפור,"שח""ל",379,31.2464986,34.7907681,31.2465259,34.7947558
אלקנה,טורי זהב,שיר השירים,378,32.1085912,35.0334094,32.1075661,35.03724
ירושלים,"זלמן שז""ר",מנהרת סילברסטיין,378,31.787558,35.2052632,31.7877575,35.2012723
נוף הגליל,השיקמה,יזרעאל,377,32.6904126,35.3169848,32.6890731,35.3132787
מודיעין-מכבים-רעות,אדר,חשון,377,31.9123892,35.0144715,31.9151295,35.0121182
כפר ורדים,אודם,שוהם,377,33.0057189,35.2498863,33.0043512,35.2535864
גן יבנה,אחד העם,הערוגות,376,31.7964609,34.701131,31.7975396,34.7048999
חיפה,הגליל,מצפה,376,32.7875943,35.0202977,32.7903507,35.017973
ירושלים,בצלאל בזק,דרך אריאל שרון,368,31.7661112,35.1972546,31.7670227,35.1935128
גבעת זאב,אבני חושן,ברקת,367,31.8373988,35.1670905,31.8350447,35.1698076
ראש העין,בזלת,גרניט,367,32.1004647,34.961276,32.1024912,34.9582064
ירושלים,שמחה כהן,שמחת כהן,366,31.7208458,35.225769,31.7212926,35.2296054
מבשרת ציון,כרמים,מצפה הבירה,363,31.7929004,35.1492847,31.7926235,35.1454614
אשקלון,גבעתי,דרום אפריקה,362,31.6794041,34.5656103,31.6810827,34.5688928
זכרון יעקב,הגדעונים,הנוטרים,362,32.5620527,34.9463315,32.5652896,34.9459716
אשדוד,חזקיה המלך,שלמה המלך,361,31.7775594,34.6467717,31.7743278,34.6463542
ירושלים,"החיד""א",הפסגה,361,31.7672211,35.1834734,31.7703491,35.1824459
בת ים,"הפלמ""ח",השלושה,360,32.0273201,34.7552502,32.0295287,34.758048
רמת גן,סמדר,שדרת הנרקיסים,360,32.0955916,34.8180316,32.0940402,34.814679
גבעתיים,אנצו סירני,"רמב""ם",359,32.0702984,34.8064606,32.0705278,34.8026577
ראשון לציון,חומה ומגדל,נגבה,359,31.9669334,34.7777583,31.9640528,34.7760363
אלפי מנשה,ארבל,גלעד,358,32.1717909,35.0092579,32.1686121,35.0098871
ירושלים,אל אסמעי,מרג' אל מהור,358,31.8118585,35.2370652,31.8126765,35.2334008
זכרון יעקב,יהלום,ספיר,357,32.5622582,34.9418778,32.5653341,34.9429787
גן יבנה,הכישור,העמל,354,31.7752766,34.7024977,31.7773853,34.7053048
שלומי,האלון,הארזים,353,33.0756112,35.1565972,33.0787197,35.1573886
דימונה,אלחריזי,שלמה איבן גבירול,353,31.0736992,35.0438634,31.0761759,35.0415471
ראשון לציון,נגבה,שדה נחום,353,31.9658795,34.7804426,31.9629825,34.7789162
באר שבע,הר רמון,הר תבור,352,31.276057,34.8108719,31.2768317,34.8072817
זכרון יעקב,הנוטרים,וינגייט,351,32.5650517,34.944955,32.5619273,34.9455222
חיפה,קדושי דמשק,"ש""י עגנון",351,32.8221111,34.9799246,32.8198195,34.9825139
זכרון יעקב,ברקת,ענבר,351,32.5651085,34.9421035,32.5623519,34.9402718
קרני שומרון,ההתנחלות,התקווה,350,32.1697663,35.0989843,32.1706573,35.0954153
רמת גן,סמדר,שדרות העם הצרפתי,350,32.0947605,34.8183309,32.0933704,34.8149994
אשקלון,אדמונד דה רוטשילד,בלפור,348,31.6868298,34.5768585,31.6878829,34.5803189
נתניה,אוסישקין,ראשון לציון,347,32.3291925,34.8513424,32.3261065,34.8507806
רמת גן,אלוף דוד,כרמלי,346,32.0546681,34.8128913,32.0576454,34.8139527
אלקנה,טורי זהב,עמודי שיש,345,32.1070621,35.0326766,32.1059347,35.0360891
ירושלים,נאהורי,קדיש לוז,344,31.7632629,35.1821874,31.7663143,35.1815868
רמת גן,המרגנית,שדרת הנרקיסים,344,32.0926165,34.809667,32.0934586,34.8131778
דימונה,ציפורן,שיזף,343,31.081745,35.0412813,31.0818684,35.037681
ראש העין,ג'ון קנדי,דוד המלך,342,32.0947272,34.9524686,32.0977956,34.952751
ירושלים,דרך בית חורון,עטרות,342,31.84945,35.2232594,31.8495055,35.2196415
נוף הגליל,איריס,מגידו,341,32.7100951,35.3075602,32.7090157,35.3109732
רמת גן,המרגנית,שדרות העם הצרפתי,340,32.0925328,34.8136715,32.0909775,34.8105653
ירושלים,בר יוחאי,סן מרטין,340,31.7541661,35.192693,31.753715,35.1962483
אשדוד,שבט בנימין,שבט לוי,340,31.7778997,34.6380627,31.7784899,34.6345354
קריית אונו,ההדר,שלמה המלך,339,32.0550314,34.8626036,32.0540763,34.8591827
כרמיאל,דוכיפת,עגור,338,32.9058056,35.2869688,32.903526,35.2893608
לוד,אבו בכר אל סדיק,סלאח א דין,338,31.9512563,34.8746524,31.9541388,34.8757792
ירושלים,אברהם כחילה,אדמונד סחייק,337,31.7471801,35.1796629,31.750197,35.1792747
ירושלים,סולם יעקב,שיבת ציון,336,31.8156717,35.1996064,31.8171817,35.202689
מודיעין-מכבים-רעות,טבת,כסלו,335,31.9139884,35.0094145,31.9166165,35.0076736
מודיעין-מכבים-רעות,נהר הירדן,נחל אלעל,335,31.8953644,35.0040654,31.8966516,35.0072683
אשקלון,דפנה,לוטוס,334,31.6502178,34.5778382,31.6519835,34.5806964
באר שבע,הכט ראובן,יעקב חזן,334,31.2749455,34.8162136,31.2749502,34.819727
טבריה,האבות,חיים משה שפירא,332,32.7820538,35.5060424,32.7808164,35.5092788
לוד,לאה אימנו,רבקה אימנו,332,31.9387744,34.897498,31.9416014,34.8986145
ירושלים,איסלנד,קולומביה,329,31.7577852,35.1673441,31.7588332,35.1640861
באר שבע,בינימין מזר,בנימין מזר,329,31.2438263,34.7618853,31.2454976,34.7590266
פתח תקווה,אלכסנדר ינאי,ענבר,329,32.1065255,34.8979847,32.1091471,34.899606
לוד,לאה אימנו,רחל אמינו,328,31.9387744,34.897498,31.9413762,34.8991382
עכו,אחד העם,בבל,327,32.9379685,35.0919138,32.9350302,35.0919053
ראש העין,אבן גבירול,יבניאלי,326,32.0952452,34.9395441,32.0961582,34.9428341
אשדוד,האורגים,הבנאים,325,31.8150765,34.6584602,31.8121597,34.65832
בית שמש,האיריס,הכלנית,322,31.7395647,34.9815673,31.7391109,34.9782
בית אריה,התמר,קורנית,321,32.0399629,35.0469071,32.0421565,35.0491282
בית שמש,ז'בוטינסקי,"רמב""ם",321,31.7525782,34.9916971,31.7512418,34.9947009
מצפה רמון,נחל ניצנה,עין שביב,320,30.6162606,34.7971194,30.618287,34.799491
בת ים,אנילביץ,אנילביץ',320,32.0220755,34.750727,32.0219651,34.7541156
רמלה,המצביאים,"הרמ""א",318,31.9331395,34.8901722,31.9353064,34.8879703
בית שמש,האומן,הצבעי,318,31.7537758,34.9970853,31.7546653,34.9938907
יקנעם עילית,הערבה,רותם,316,32.6486887,35.0918059,32.6466357,35.0894712
כרמיאל,מורד הגיא,צאלון,316,32.9058987,35.2944218,32.9055082,35.2977719
ירושלים,טיילת אליהו הנביא,מעלה השלום,314,31.7710339,35.2267651,31.7709298,35.2300832
ערד,אגמית,אנפה,314,31.2659671,35.2115177,31.2661132,35.2148135
שדרות,"זלמן שז""ר",נתן אלבז,313,31.5285961,34.5931724,31.5296626,34.5962229
עפולה,האירוסים,שדרות קונטיקט,312,32.6200269,35.3242323,32.6193205,35.3274597
ירושלים,אל-מכפה,ד'את אל-נטאקין,311,31.7337075,35.2410965,31.7313506,35.2428679
ירושלים,הכרכום,הנרד,311,31.7572883,35.1707771,31.7555668,35.1733661
ראשון לציון,החלוצים,מרום גולן,311,31.9843163,34.76354,31.9837569,34.7603123
זכרון יעקב,"הפלמ""ח","תש""ח",310,32.5631367,34.9485999,32.5659211,34.948685
זכרון יעקב,העצמאות,"תש""ח",310,32.5631367,34.9485999,32.5659211,34.948685
זכרון יעקב,העצמאות,"הפלמ""ח",310,32.5631367,34.9485999,32.5659211,34.948685
באר שבע,חצב,סתונית,310,31.227873,34.7785874,31.2298198,34.780915
גבעתיים,יבניאלי,קפלנסקי,309,32.0627969,34.8184704,32.0641613,34.8156174
ירושלים,יפה רום,צביה ויצחק,309,31.7306628,35.1892885,31.7324361,35.1867772
זכרון יעקב,ברק,כנפי נשרים,308,32.5602113,34.9643209,32.5575875,34.9653885
ירושלים,חומת הצלפים,עין כרם,308,31.7685942,35.1622258,31.7684564,35.1654813
רעננה,הנשיאים,חטיבת גולני,306,32.1895049,34.8631327,32.1868444,34.862315
נתניה,חיים לסקוב,משה סנה,305,32.2724847,34.8461873,32.2716599,34.8430901
מגדל,האשכולית,נוף הארבל,305,32.8391485,35.5041751,32.8379258,35.5070995
חיפה,אהוד,יותם,305,32.7915432,34.9874824,32.7942875,34.9874903
ירושלים,גבעת שאול,כתב סופר,305,31.7919811,35.1936161,31.7909826,35.1966197
אשדוד,הרב שאולי,קרן היסוד,304,31.7987074,34.6421167,31.7963411,34.6405103
הרצליה,ברל כצנלסון,גיל,303,32.1603001,34.8588697,32.1629473,34.859637
קריית אונו,בלינסון,כצנלסון,303,32.0602038,34.8515231,32.0608013,34.8546579
נס ציונה,הזמיר,סנונית,302,31.9097753,34.7839114,31.9085536,34.7867701
רמת גן,הגלגל,המיתר,301,32.0805833,34.8208373,32.0830927,34.8220467
בני ברק,זאב ז'בוטינסקי,זבוטינסקי,300,32.0928134,34.8362321,32.0927588,34.8394201
רמת גן,אלוף דוד,קרייתי,300,32.055086,34.8121971,32.0576623,34.813132
עפולה,אפרים מזרחי,הרב יהודה שטרית,298,32.6052889,35.2772529,32.6077824,35.2760928
אשקלון,אליהו הנביא,נתן הנביא,298,31.6603581,34.5844467,31.6577236,34.5850073
אשדוד,הר מצדה,הר נבו,296,31.7792995,34.6277435,31.7817517,34.6265168
הרצליה,בורוכוב,צעירי ציון,295,32.1706844,34.8536451,32.1704656,34.8567659
רמת גן,בן גוריון,הגלגל,294,32.0806846,34.8201579,32.0831717,34.8212069
באר שבע,בכור שיטרית,שדרות גולדה מאיר,293,31.2551949,34.7656447,31.2555803,34.7625938
ירושלים,"זווין ש""י",ניימן הרב שמואל גדליה,293,31.8405697,35.2479914,31.8430821,35.2489247
ירושלים,חיל האוויר,יעקב יהושע,293,31.831587,35.2455876,31.8292461,35.2470003
מצפה רמון,נוגה,שביט,292,30.6150678,34.7927955,30.6128562,34.7944377
בית שאן,השקמה,רימון,291,32.4902172,35.5044036,32.4928295,35.5046637
ירושלים,אורי בר און,נחום אהרונפלד,290,31.8254114,35.2454941,31.8273701,35.2475211
מבשרת ציון,דרך אריאל שרון,כביש ירושלים תל אביב,289,31.7967314,35.157025,31.7972748,35.1540305
באר שבע,הר מירון,הר תבור,288,31.2769974,34.8108649,31.2773211,34.807856
גן יבנה,הערוגות,הרגב,288,31.7980617,34.7042428,31.7971908,34.7013782
בת ים,דניאל,הרב הרצוג,287,32.0227195,34.7501022,32.0252971,34.750178
חיפה,הרב אוחנה,הרב מרכוס,287,32.8111782,35.0003284,32.8099164,35.003003
גן יבנה,אלתרמן נתן,הקציר,286,31.7950775,34.7061195,31.796366,34.7087381
אשקלון,דרום אפריקה,קפסטט,286,31.674231,34.5636657,31.6767433,34.5642944
מבשרת ציון,מבצע נחשון,"פלמ""ח",285,31.7948712,35.1418502,31.7945264,35.1388569
באר שבע,נחל משמר,נחל שילה,285,31.2319219,34.817999,31.233861,34.8160335
רמת גן,יוסף צבי,קיש,284,32.0656149,34.8201254,32.0653981,34.8171206
ראשון לציון,המגילה,המלך,284,31.9975769,34.7457652,31.9999849,34.7467737
חיפה,גשר גדוד 22,הגיבורים,284,32.803359,35.008569,32.8047914,35.0060514
שדרות,האחוזה,נחל פרת,284,31.5366655,34.582431,31.5392131,34.5822011
בית שאן,דיין משה,ידין יגאל,284,32.4970105,35.4913405,32.495242,35.4935223
בית שאן,הרב יצחק הרצוג,ירושלים הבירה,282,32.4932232,35.4960381,32.4913478,35.4980694
חיפה,"י""א הספורטאים",משה פלימן,281,32.788275,34.9692273,32.7875331,34.972104
באר שבע,ברנהרד והרמן צונדק,משעול ליליאן,281,31.2703979,34.8091861,31.268043,34.8081195
באר שבע,בית שאן,שומרון,281,31.250192,34.7664939,31.2476883,34.766131
ערד,מפל,נחל,280,31.2530694,35.1973944,31.2549828,35.1993144
ראשון לציון,יחזקאל הנביא,נחמיה,280,31.9528164,34.8145442,31.9503109,34.8148513
קריית טבעון,הברושים,התאנה,280,32.725061,35.1411785,32.7252497,35.1441635
חיפה,האצטדיון,מטרונית,280,32.8257565,35.0596971,32.8234688,35.0584493
חיפה,"אז""ר",ברל,280,32.7873572,35.0126185,32.7865423,35.0154471
ראשון לציון,יהושע גיבשטיין,פיינשטיין יונה צבי,279,31.9521675,34.8108678,31.9542216,34.8125681
אפרת,נצר ישי,רות,277,31.6525122,35.1502237,31.6549903,35.1505528
בית שאן,אמנון ותמר,ידין יגאל,277,32.4966962,35.4907282,32.4949722,35.4928634
רמת גן,אחד העם,מתניה,277,32.0484079,34.8183711,32.0494422,34.821047
אשדוד,יהויכין המלך,שלמה המלך,277,31.7724795,34.6418915,31.7724751,34.6448235
אילת,דודאים,הבשמים,277,29.5392904,34.9356262,29.5379155,34.9332369
באר שבע,בת-שבע בן-אליהו,עפרה חזה,275,31.2722803,34.7564653,31.2734031,34.7590483
טבריה,אסתר המלכה,שמעון פרס,275,32.7931606,35.5192185,32.7907028,35.5188587
ראשון לציון,הנביאים,השזיף,275,31.9511475,34.8278695,31.953509,34.8287438
יקנעם עילית,"טיילת קק""ל",פארק פרופסור נתן רוזן,275,32.640059,35.0771398,32.6401508,35.080076
בת ים,הרשת,פרלשטיין,275,32.0211488,34.7462859,32.021056,34.749201
ירושלים,"המשורר אצ""ג",יחזקאל קוטשר,274,31.8235313,35.1855505,31.8213333,35.1868661
פתח תקווה,זכרון יעקב,נס ציונה,274,32.1031217,34.8750139,32.1023522,34.8722491
נוף הגליל,גלעד,דגנית,274,32.7029182,35.3265693,32.7026502,35.3294803
ירושלים,בורוכוב,גורדון,274,31.7677267,35.1774847,31.7661667,35.1752418
פתח תקווה,בת שלמה,זכרון יעקב,274,32.1038087,34.8747545,32.103067,34.8719824
באר שבע,דונה גרציה נשיא,עליזה בגין,272,31.2707401,34.7497928,31.2682918,34.7497229
רעננה,הנשיאים,חטיבת הראל,272,32.1871386,34.8624972,32.1895078,34.8632148
זכרון יעקב,הגדעונים,ראובן,272,32.5652896,34.9459716,32.5628457,34.9458734
מבשרת ציון,כרמים,תאנה,271,31.7895894,35.1473554,31.7899583,35.1501927
בית שמש,היצירה,הסוללה,271,31.7325571,34.95849,31.7349923,34.958607
הרצליה,בורוכוב,פועלי ציון,271,32.1697965,34.8537022,32.1695257,34.8565586
פתח תקווה,זכרון יעקב,מאיר שפיה,270,32.1016199,34.8725339,32.1023422,34.8752719
ירושלים,דוד בן-גוריון,יצחק שמיר,270,31.8003367,35.1739077,31.8009395,35.176672
באר שבע,סטרומה,פטריה,269,31.2556502,34.7776779,31.2542274,34.7799634
אשקלון,השקמה,קפסטט,268,31.6765897,34.5646761,31.6742218,34.564131
קריית טבעון,יגאל אלון,קרן קיימת לישראל,267,32.7123261,35.1183668,32.7116161,35.1156419
מגדל העמק,הצורן,השיש,267,32.666269,35.244469,32.6671644,35.2418254
מבשרת ציון,חרמון,מירון,266,31.8089789,35.1528284,31.8084695,35.1500779
אלעד,אבטליון,שמעיה,266,32.0515361,34.9472684,32.0491447,34.947201
אזור,ביאליק,העלייה השניה,266,32.0265177,34.8026719,32.0279548,34.8004215
רמת גן,אלוף דוד,הראל,264,32.0554386,34.811634,32.0577136,34.8124366
באר שבע,העליה,סטרומה,264,31.2561974,34.7781554,31.2547774,34.7803787
טבריה,כליל החורש,שיזף,264,32.7852655,35.5231196,32.7838568,35.5253882
כפר סבא,ויתקין,קפלנסקי,263,32.1915269,34.9010838,32.1920418,34.8983528
שדרות,חיטה,תפוז,263,31.5420492,34.5876785,31.5396834,34.5875899
פתח תקווה,זכרון יעקב,מזכרת בתיה,263,32.1008606,34.8728586,32.1015743,34.8755221
כרמיאל,מבצע אסף,שער הגיא,262,32.9087577,35.2808458,32.9067726,35.2823663
מעלה אדומים,החליל,הקרן,262,31.781381,35.2961455,31.7790552,35.2956944
אשקלון,לכיש,קיסריה,262,31.6667339,34.5816157,31.6668819,34.5788525
אשקלון,התקוה,עמיעוז,262,31.649496,34.554961,31.6473922,34.5562075
קרני שומרון,ההתנחלות,קוממיות,262,32.1703684,35.0987864,32.1709515,35.0960901
ראשון לציון,האחד עשר,שמעון אבידן,262,31.9638222,34.8202659,31.9658247,34.8217247
חולון,האלוף אהרון יריב,המרגנית,262,32.0087748,34.7791608,32.0102956,34.781279
אשקלון,עולי הגרדום,עמיעוז,261,31.647123,34.5555779,31.6492309,34.5543556
באר שבע,הר כנען,הר עצמון,261,31.2745661,34.8140252,31.2752375,34.8113943
קריית אונו,יצחק נבון,יצחק שמיר,261,32.0632236,34.8423755,32.0621545,34.844837
ראש העין,אריאל שרון,יחיאל סנדרוב,261,32.1105338,34.9403026,32.1088708,34.9422522
באר שבע,הר כנען,הר רמון,260,31.275858,34.8116619,31.2751933,34.8142826
שלומי,יסמין,ניצן,259,33.0821772,35.1565443,33.0810559,35.1541115
ערד,הערבה,שלווה,258,31.2535662,35.2166349,31.2514562,35.2177762
חולון,המרגנית,ניסנית,258,32.0091564,34.7788272,32.0106651,34.7809006
זכרון יעקב,אודם,ברקת,257,32.5616399,34.9389089,32.5628721,34.9412332
ירושלים,אל הייר,שרה,256,31.7996188,35.2460435,31.8011649,35.2480536
נתניה,הפארק,התלתן,256,32.295662,34.8773357,32.2979235,34.8778378
אשקלון,דרום אפריקה,העצמאות,256,31.6788182,34.5706646,31.6765295,34.570395
חיפה,לבונטין,שבתאי לוי,255,32.8131914,34.9946347,32.8147839,34.9926673
דימונה,שיזף,שקמה,255,31.082122,35.0408323,31.0822108,35.038154
ירושלים,אשר וינר,האומן,255,31.7454886,35.2134679,31.7446731,35.2159864
קריית אונו,יצחק נבון,שולמית אלוני,254,32.0632236,34.8423755,32.0628486,34.8397133
חיפה,דוד רוז,טיילת חיים רייסקין,254,32.7780606,35.0167658,32.7772002,35.0192849
הרצליה,מורדי הגטאות,קיבוץ גלויות,254,32.1671784,34.8593876,32.1694147,34.8588309
בית אריה,האלה,לבונה,253,32.0379877,35.0499125,32.0391877,35.047627
באר שבע,אולגה שמיר,פאני מוגרבי,253,31.2715534,34.7595248,31.2727274,34.7618065
כרמיאל,חן,מצפה נוף,253,32.922068,35.2951715,32.9222137,35.2924663
ירושלים,אהרון אשכולי,צונדק,253,31.8126332,35.19414,31.8119095,35.1966748
חיפה,אינטרנציונל,חביבה רייך,252,32.7816363,35.0090577,32.7794766,35.009878
עכו,נעמי שמר,שושנה דמארי,251,32.9440474,35.0830986,32.9437729,35.0857673
רמלה,אריה בן אליעזר,חיים לנדאו,251,31.9399757,34.874972,31.9386068,34.8770845
רעננה,חזן יעקב,עציון,250,32.1896315,34.8604722,32.1874503,34.8598101
חיפה,משה גוט לווין,משה גוטל לוין,250,32.7842885,35.00463,32.7861064,35.0030537
ראשון לציון,הנופר,הסחלב,250,31.9694297,34.7833069,31.9705378,34.785608
חולון,גלעדי אהרון,דמארי שושנה,249,32.0068275,34.7747774,32.0083268,34.7767446
ראשון לציון,מעגל השלום,משעול הכלכלה,249,31.9697079,34.764002,31.9684904,34.7662129
אשקלון,ההרדוף,הנשיא,249,31.6734818,34.5643566,31.6720773,34.5623132
חולון,אלנה בלנקי,הר הצופים,248,32.0056601,34.7931676,32.0078874,34.7932012
נתניה,גולדה מאיר,משעול קיפניס,247,32.2776862,34.8539005,32.2763943,34.8517626
לוד,ארלוזורוב,רחל אלתר,244,31.9474602,34.8877974,31.9458576,34.8895696
אשקלון,אליהו הנביא,הנביאים,244,31.6598516,34.5840242,31.6576649,34.5842738
אשקלון,דולב,לוטוס,244,31.6501684,34.57842,31.6514044,34.5805439
חולון,אמיר דרורי,הדס,244,32.0062288,34.7807649,32.0078739,34.7790604
לוד,המצביאים,חטיבת הראל,243,31.9352592,34.88872,31.9336345,34.8904398
כרמיאל,ביכורים,שביל שבט,242,32.9152149,35.2754763,32.915419,35.2728924
אלפי מנשה,לוטם,ליבנה,242,32.1726259,35.0193747,32.1731673,35.0168886
כפר תבור,אירוס,נורית,241,32.6799687,35.4167165,32.6820623,35.4173995
הרצליה,י.ל. פרץ,"שח""ל",241,32.1622797,34.8552029,32.1619329,34.8577342
לוד,אליעזר קפלן,שפרינצק,241,31.942222,34.8838808,31.9429338,34.8862905
ירושלים,"אצ""ל","האצ""ל",241,31.8019176,35.2351476,31.8039199,35.236116
רמת גן,יוסף צבי,נחשון,241,32.0666375,34.8187457,32.0646136,34.8178396
ראש העין,נילס בוהר,פול סמואלסון,241,32.0888134,34.9703429,32.0880958,34.9727521
הרצליה,בורוכוב,ברל כצנלסון,240,32.1686731,34.8562303,32.1690269,34.8537112
באר שבע,צביה ויצחק,שדרות הצנחנים,240,31.2251253,34.7782805,31.2256219,34.7807318
ראשון לציון,האורנים,יאיר דורון,239,31.9766286,34.7965006,31.9754263,34.7986062
כפר יונה,אלי כהן,הרצל,239,32.3194151,34.9326102,32.3185381,34.934937
ירושלים,רבינו גרשום,רבנו גרשום,239,31.7931112,35.2193579,31.7918938,35.2214392
נתניה,אברהם בן מנחם,היהלומן אברהמס,239,32.3123161,34.8552685,32.3125494,34.8527455
חיפה,הים,הרדוף,238,32.8110343,34.970718,32.809695,34.9727033
כפר סבא,דוד זהבי,יוסף הדר,238,32.1853061,34.8929145,32.1864359,34.8907719
באר שבע,אלישר,"צבי-רן ד""ר שלמה",237,31.2730818,34.8174472,31.2735594,34.819882
כרמיאל,משגב,רמים,237,32.9187852,35.2946177,32.9209162,35.294578
ירושלים,בוקסבוים מרדכי,קהילת יעקב,237,31.8127648,35.2193157,31.8108589,35.2204333
חולון,אשדוד,גבעת חולון,237,32.0000758,34.789407,32.0000877,34.786898
כפר ורדים,יהלום,ספיר,235,33.0050591,35.2502385,33.0043725,35.2526185
חולון,החרצית,מוטה גור,233,32.0083843,34.7838007,32.0100009,34.7822223
שדרות,ירושלים,שאר ישוב,233,31.5255387,34.6041724,31.5271521,34.6026009
אשקלון,הדרור,הסנונית,233,31.6726917,34.5609263,31.67063,34.5613575
באר שבע,בזל,הכותל המערבי,233,31.2504528,34.7874017,31.2487158,34.7887694
רעננה,פטריה,קיבוץ גלויות,233,32.1971489,34.8586707,32.1973983,34.8562143
אשקלון,גדעון,השופטים,232,31.6543731,34.581141,31.6561281,34.579819
אשקלון,דוריף,נחלה,231,31.6804704,34.5930537,31.6783887,34.5930544
אשקלון,הרב יצחק ניסים,סנפיר,231,31.6570858,34.5515196,31.6552143,34.5504494
מגדל העמק,הקיצנית,שושנת העמקים,231,32.6776491,35.2524099,32.6775019,35.2548718
ירושלים,"בית""ר",ישראל אלדד,231,31.7513611,35.2242622,31.7534266,35.2244807
אשקלון,התמר,קפסטט,230,31.6762505,34.5651554,31.6742031,34.5647801
חולון,החרצית,רוזמרין,230,32.0086814,34.784243,32.0102801,34.7826889
באר שבע,אסירי ציון,"הכ""ג",229,31.2496751,34.805633,31.2496921,34.803224
אלעד,רבי פנחס בן יאיר,"רמב""ם",228,32.0511414,34.9607525,32.0511033,34.9583285
עפולה,יהלום,שוהם,228,32.6168759,35.3068323,32.6149007,35.3075
רמת גן,אלוף דוד,עודד,227,32.055842,34.8109869,32.057806,34.8116392
באר שבע,בזל,תל חי,227,31.2508573,34.7899104,31.2505141,34.7875613
חולון,הדס,הרדוף הנחלים,225,32.0059087,34.7803131,32.0073687,34.778657
פתח תקווה,יוסף נקר,פנחס חגין,225,32.0725253,34.8694249,32.0736425,34.8674324
אלעד,בעלי התוספות,יונתן בן עוזיאל,225,32.0488351,34.9595923,32.0487706,34.9572097
דימונה,הנבל,הרב אברהם קוק,224,31.070142,35.0501577,31.0700171,35.0525096
גבעתיים,אידמית,ההסתדרות,224,32.060963,34.81168,32.0591123,34.8126292
באר שבע,בינימין מזר,משה וילנסקי,224,31.2455244,34.7597015,31.244396,34.7616578
דימונה,הכינור,הנבל,224,31.0696555,35.0501269,31.0695269,35.0524775
שדרות,חטיבת הצנחנים,נתן אלבז,224,31.5289147,34.5939574,31.5308719,34.5944962
תל מונד,הנרקיס,הסייפן,222,32.2529624,34.9168498,32.2518578,34.9148779
ירושלים,חפץ חיים,פרי חדש,222,31.7872439,35.2144168,31.7871834,35.2167658
באר שבע,המרד,חכים,222,31.273707,34.8159953,31.2718424,34.8151646
ראש העין,שילה,תורי זהב,222,32.0865475,34.958126,32.0883499,34.9591348
באר שבע,בית אל,משעול גבעון,222,31.2446316,34.7755295,31.2460292,34.7738685
חיפה,משה גוטל לוין,קדיש לוז,222,32.7851193,35.0049605,32.7870988,35.0052272
כפר יונה,הכלנית,הרקפת,221,32.3158668,34.9430802,32.3170564,34.9449696
פתח תקווה,החליל,השופר,221,32.0803667,34.9073581,32.0791656,34.9054924
באר שבע,אריה דולצ'ין,ישראל רוקח,221,31.2631525,34.7674971,31.2622378,34.7654372
ירושלים,א-זהרה,אל-בלוטה,220,31.7488246,35.1963683,31.7469051,35.1957905
בת ים,יפה ירקוני,יצחק נפחא,219,32.0003727,34.7411025,32.0020439,34.7423287
קריית אונו,"מהרי""ץ",מרזוק ועזר,218,32.064153,34.858669,32.0660986,34.8589546
ירושלים,"אגודת ספורט בית""ר",גולומב,218,31.7553853,35.191061,31.7565876,35.1928819
מגדל העמק,שונמית,שלום עליכם,218,32.6784343,35.2362147,32.6795714,35.2343236
תל מונד,בת חן,היסמין,217,32.2477559,34.9130351,32.2472185,34.9108121
טבריה,גולומב,דגניה,217,32.7966309,35.5253537,32.7983313,35.526496
רמת גן,מרדכי,קיש,217,32.0651461,34.8199265,32.0653777,34.8176446
ראש העין,עין גדי,תורי זהב,216,32.0860861,34.9593241,32.0880183,34.9595767
נתניה,דוכיפת,הדרור,216,32.3084893,34.8817071,32.308666,34.8839948
תל מונד,הדקל,מצדה,216,32.2538131,34.9183754,32.2554622,34.9195864
אשדוד,אחד העם,שמואל הנגיד,216,31.7998886,34.6496586,31.8003582,34.6474432
דימונה,הרב אלנקוה,יצחק שמיר,216,31.0769475,35.0445417,31.0750251,35.0448489
כפר סבא,דוד רמז,ויתקין,216,32.1908744,34.9006383,32.1912943,34.8984024
באר שבע,יערי מאיר,ציזלינג אהרון,214,31.2577384,34.7621308,31.258948,34.763888
ירושלים,בעלי המלאכה,הרכב,214,31.7481604,35.2086921,31.7476953,35.2108905
לוד,יעקב אבינו,יצחק אבינו,214,31.935122,34.8962284,31.9370179,34.8958301
נוף הגליל,אגמון,עטרה,214,32.7220866,35.3349678,32.7238521,35.3358791
בית שמש,נחל איילון,שדרות נחל הקישון,214,31.7112636,34.9909898,31.711944,34.9931051
מצפה רמון,נחל איילות,נחל ניצנה,214,30.618287,34.799491,30.6170637,34.7977687
רמלה,הירדן,התבור,214,31.9205787,34.8584954,31.9192245,34.8601004
גבעתיים,בן ציון ישראלי,השניים,213,32.0783085,34.8108755,32.0780387,34.8131151
אריאל,בית לחם,חברון,213,32.1029083,35.1937976,32.1027887,35.1960537
כרמיאל,איה,בז,213,32.9007085,35.2883529,32.9022923,35.2896294
פתח תקווה,יעקב אחווה,משעול גומז,212,32.0860928,34.9057208,32.0843157,34.9048934
ירושלים,מנחם בגין,שערי ירושלים,212,31.7950681,35.1978661,31.7932234,35.1984451
ירושלים,המחנכת,המרגלית,212,31.7392144,35.180361,31.7374611,35.1794841
באר שבע,עבדת,שומרון,212,31.2461722,34.7659019,31.2442805,34.7656409
ירושלים,רבי חיא )הגדול(,רבי חייא (הגדול),212,31.7618886,35.2129853,31.7599867,35.2128929
ירושלים,אריה בן אליעזר,ורדינון,211,31.7352266,35.1967155,31.7349467,35.198922
ירושלים,האורן,האחיות,211,31.7669181,35.1614192,31.7680365,35.1596174
אשקלון,טרומפלדור,פרץ ברנשטיין,211,31.6807712,34.5767028,31.6812178,34.5745404
בית שמש,רב אבדימי,רב עמרם,210,31.7044394,34.9661402,31.703262,34.9678785
שדרות,המגינים,חומה ומגדל,210,31.5263085,34.5872845,31.5281415,34.5878253
באר שבע,יפה ירקוני,שרה לוי תנאי,210,31.2756434,34.7524819,31.276176,34.7546023
רמת גן,באר אורה,ראש פינה,210,32.0639837,34.8297735,32.0658652,34.8299268
לוד,ג'ובראן חליל ג'ובראן,סלאח א דין,209,31.9533569,34.8767149,31.9539488,34.8746124
תל מונד,הגלבוע,מצדה,209,32.2564467,34.917015,32.2545696,34.9171002
יבנה,הנחשול,הסירה,209,31.863212,34.7402865,31.8632557,34.7380793
באר שבע,אלמוג,כרכום,208,31.2305802,34.786242,31.2302429,34.7840862
נתניה,הגילה,הרינה,208,32.3141312,34.8470632,32.3159952,34.8472872
שדרות,נטע,תפוז,208,31.5445571,34.589145,31.5431128,34.5877456
עכו,כנרית,שלדג,208,32.9436199,35.0764134,32.9433935,35.0786289
אשקלון,הצנחנים,השיריונאים,208,31.68122,34.5628543,31.6827333,34.5641386
ירושלים,איתן,יציב,207,31.8540187,35.2150633,31.8558097,35.2144586
אשקלון,אברהם ברזילי,עמנואל יהודה מורנו,207,31.6803602,34.5599692,31.6787786,34.5611236
ראש העין,הרברט סיימון,נלי זקס,207,32.0855324,34.9647721,32.0836727,34.9647814
חיפה,מטרונית,שדרות דוד בן גוריון,206,32.8220988,34.9917394,32.8236957,34.9928654
חולון,אלישע,הנביאים,206,32.0167182,34.7908658,32.0185044,34.7902713
באר שבע,"דב יוסף ד""ר",ישראל ישעיהו,206,31.2563803,34.7652855,31.2565334,34.763124
לוד,נגיב מחפוז,סלאח א דין,205,31.9535799,34.8744859,31.9529907,34.8765488
ירושלים,קהילות יעקב,קהילת יעקב,205,31.8129292,35.2176575,31.8110849,35.2176305
לוד,סלאח א דין,עות'מאן בן עפאן,205,31.9527403,34.8741401,31.9521656,34.8762043
ירושלים,הדף היומי,יוסף צבי הרץ,205,31.8167094,35.2028119,31.8176638,35.2046623
גבעת זאב,שאול המלך,שבט בנימין,204,31.8614794,35.1666627,31.8616686,35.168813
אריאל,מוריה,נווה שאנן,204,32.10155,35.2040852,32.1019438,35.206196
רחובות,משולם הרב,שלום שבזי הרב,203,31.8898544,34.8179135,31.889415,34.8158238
רמת גן,יוסף צבי,עוזיאל,203,32.0652729,34.8207536,32.0635254,34.820126
בית שמש,חיים הלוי,שפת אמת,203,31.7395381,34.9962289,31.7412158,34.9953882
רמלה,הצנחנים,השריון,203,31.9323823,34.8558174,31.933678,34.8573283
אלעד,רבי יהושע,רבן גמליאל,203,32.0574457,34.9576179,32.0558328,34.9586168
לוד,סלאח א דין,עלי אבו טאלב,202,31.9523731,34.8739957,31.9517873,34.8760249
ראשון לציון,העצמאות,משה גבין,202,31.9763067,34.7991199,31.9779524,34.8000267
ירושלים,דרוק הרב,קהילת יעקב,201,31.8127648,35.2193157,31.8109649,35.2190712
בת ים,בר אילן,גבעתי,201,32.0146084,34.7478148,32.0132143,34.7464652
ראש העין,הלחי,המצפה,200,32.0857132,34.9518276,32.0873001,34.9528348
גן יבנה,חשמונאים,מתתיהו,200,31.7837426,34.6925873,31.7828393,34.6907547
טבריה,ארזים,הגפן,200,32.7807288,35.5230084,32.7823498,35.5220767
אשקלון,אילת,העצמאות,200,31.6762377,34.5710812,31.6766281,34.5731432
קריית טבעון,יהושע חנקין,מרדכי,200,32.707534,35.1226689,32.7093105,35.1229882
ראשון לציון,המשוררת רחל,השירה העברית,199,31.9754427,34.770095,31.977186,34.7696056
ירושלים,נלסון גליק,צונדק,199,31.8126332,35.19414,31.8143103,35.1934047
ירושלים,"האדמו""ר מבויאן",חי טייב,198,31.7866658,35.1715768,31.7883651,35.1709651
רמת גן,החילזון,תובל,197,32.0873951,34.8036109,32.0858204,34.8026453
באר שבע,חיים ברלב,עמוס ירקוני,197,31.2668248,34.772848,31.2664654,34.774878
ראשון לציון,גדולי ישראל,מרטין בובר,197,31.978967,34.7726165,31.9785504,34.7705917
תל מונד,מירון,מצדה,196,32.2548999,34.9155125,32.2565594,34.9162297
בית שמש,דבורה הנביאה,מרים הנביאה,196,31.704638,34.9938972,31.7034398,34.9954233
ראשון לציון,משה גבין,עמירן מידן,196,31.9782564,34.7994748,31.9766919,34.798509
מזכרת בתיה,המגן,הניצחון,196,31.8483398,34.8371774,31.8494368,34.8355489
כפר יונה,נחל בשור,נחל תנינים,196,32.31456,34.9239078,32.3128974,34.9232154
באר שבע,זלמן ארן,לנדאו חיים,196,31.255978,34.761756,31.2575004,34.7607246
ראשון לציון,דיקלה,ימית,195,31.978873,34.7634088,31.9785329,34.7613768
רמלה,"גרשון ש""ץ",שמחה הולצברג,195,31.9311172,34.8530672,31.9328669,34.8532281
ירושלים,כביש טבעת מערבי,סובב גבעת האוניברסיטה,195,31.7865127,35.1500502,31.7854073,35.1484471
ראשון לציון,אלישע כהן,משה גבין,195,31.9770097,34.7979543,31.9785476,34.7989497
נתניה,התהילה,פייר קניג,195,32.3075536,34.845691,32.3059196,34.8449425
רמלה,אריה בן אליעזר,מנשה צלח,195,31.9379901,34.8768036,31.9396203,34.8760561
רעננה,הנשיאים,וינגייט,194,32.1856791,34.8619677,32.1839969,34.861403
ירושלים,הצנחנים,חיל ההנדסה,194,31.7830158,35.2271708,31.7814604,35.2281071
חיפה,חנקין,"פיק""א",194,32.7873724,34.9990381,32.7868817,34.9970479
באר שבע,אסירי ציון,הגאולים,193,31.2490748,34.8027953,31.2485343,34.8047249
שדרות,"האר""י",חיים בר-לב,192,31.5303372,34.5839948,31.5290185,34.5853096
מודיעין-מכבים-רעות,ישעיהו הנביא,מיכה הנביא,192,31.9142258,35.0038873,31.913478,35.0020496
גבעתיים,צפרירים,רביבים,192,32.0642726,34.8083367,32.0658064,34.8074027
פתח תקווה,יחזקאל רבינזון,מבצע קדש,192,32.0968789,34.8823391,32.096869,34.8843761
ירושלים,סולטן סולימאן,شارع السلطان سليمان,192,31.7833604,35.2336157,31.7836018,35.2356239
ירושלים,סיירת דוכיפת,עמיחי פאגלין,191,31.8264709,35.2379032,31.8257475,35.2397418
גני תקווה,דגניה,מרחביה,191,32.0583287,34.8821562,32.0580461,34.8801539
מזכרת בתיה,לאה גולדברג,נעמי שמר,191,31.847242,34.84913,31.847684,34.8510846
מבשרת ציון,היצירה,השקד,191,31.7920282,35.1443714,31.7906056,35.1432393
הרצליה,כיסופים,שבטי ישראל,191,32.1545355,34.8354895,32.156049,34.8345363
בית שמש,בן עזאי,רבי יוסי בן קיסמא,191,31.7360399,34.9976103,31.7362881,34.9996054
שדרות,ישיבת ציון,נתן אלבז,191,31.5290071,34.5946698,31.5306684,34.5951655
בני ברק,ישמח משה,קדושת יום טוב,191,32.0806499,34.8388172,32.0813505,34.8369711
ראשון לציון,הרב גוטמן,יערי,190,31.948163,34.809241,31.9496165,34.8103063
חולון,ההגנה,זאב ז'בוטינסקי,190,32.024992,34.7801219,32.0250673,34.7781077
שדרות,חטיבת כרמלי,קרן היסוד,189,31.5311186,34.5923562,31.5297449,34.5911786
ירושלים,אגרות משה,קלכהיים,189,31.8103679,35.2210676,31.8091608,35.2224782
מבשרת ציון,גדוד מוריה,הראל,188,31.7995492,35.1474978,31.8009154,35.1486645
באר שבע,רמלה,תמנע,188,31.2416827,34.7653674,31.2422963,34.7672066
עפולה,לשם,תרשיש,187,32.6134632,35.30658,32.6122534,35.3079692
ראשון לציון,ד'ארבלה,הרב טייב,187,31.95514,34.8180535,31.9537778,34.8168912
הרצליה,הרב עוזיאל,שירת גאולים,187,32.1556807,34.8386447,32.1541383,34.8378559
נס ציונה,המולדת,שיבת ציון,187,31.9283122,34.7919438,31.9269266,34.7930597
רמלה,חיים אשר,סטרומה,186,31.9336744,34.8706825,31.9349705,34.8694294
בית שמש,נחל נועם,נחל נעם,186,31.7115836,34.9920536,31.709914,34.991898
אשקלון,הדובדבן,יצחק בן צבי,186,31.6752317,34.5737592,31.6740433,34.5723736
מגדל,הכלניות,הצאלון,186,32.8407711,35.4942557,32.8395667,35.4956353
בית שמש,הרב אברהם שפירא,הרב קוק,186,31.7111649,35.0032387,31.7128211,35.002984
לוד,דובב,יוספטל,185,31.9440858,34.8745023,31.9445094,34.8764016
ירושלים,מזל גדי,שמחה הולצברג,185,31.8369609,35.2320968,31.8353059,35.2322435
ירושלים,אדם,אייזיק רמבה,185,31.7505264,35.2303931,31.7503526,35.2284523
ירושלים,אל-מוטלה,עדן,184,31.7331974,35.2068586,31.7348537,35.2068344
מודיעין-מכבים-רעות,עמק החולה,עמק יזרעאל,184,31.8968839,35.0154927,31.8957665,35.0169325
כרמיאל,בירנית,משעול תפן,183,32.9092833,35.2943879,32.9106268,35.2932475
חיפה,זרובבל,שדרות מוריה,183,32.7939492,34.9855094,32.795502,34.9848517
כפר תבור,שעורה,תילתן,183,32.6905715,35.4217344,32.6889796,35.4222414
נתניה,בוסל,שמואל דיין,183,32.3109324,34.8781607,32.3125495,34.8785356
באר שבע,פרופ' וילהלמינה כהן,שושנה דמארי,183,31.2743953,34.7532726,31.2752233,34.7516088
טבריה,ביריניקי,הנביאים,183,32.7890095,35.5148683,32.7889029,35.5129161
לוד,אלי כהן,הרץ הנרי,183,31.9501586,34.8894539,31.9486595,34.890247
לוד,סלאח א דין,עומר עבד אלעזיז,183,31.9519892,34.8738481,31.9514941,34.8756941
נתניה,מנחם בגין,מרדכי גור,183,32.2746936,34.845126,32.2739986,34.8433666
באר שבע,זוהרה אלפסיה,שרה לוי תנאי,182,31.2767495,34.7542818,31.2762839,34.7524434
ירושלים,אטינגר יצחק,עקיבא אטינגר,182,31.7630083,35.1767753,31.7646021,35.1763293
בית שמש,נחל קדרון,שדרות נהר הירדן,182,31.7148256,35.0009347,31.7163421,35.0002111
כפר יונה,בשן,גלעד,182,32.3234056,34.9234284,32.3231976,34.9253467
ראשון לציון,אריה שפטל,מורדכי יברבוים,182,31.9609322,34.7946199,31.9617483,34.7929533
עפולה,אופק,קישון,181,32.6120113,35.2777225,32.6111945,35.2793997
נהריה,ויצמן,נורדאו,181,33.012062,35.093986,33.0104605,35.0936293
יקנעם עילית,בוסתן,המצוק,181,32.6372117,35.074277,32.6377725,35.0760932
נתניה,מעפילי אגוז,סיגלית,181,32.2740657,34.8480292,32.2727844,34.8468415
שדרות,הרצוג,יוסף קארו,181,31.5303152,34.6063936,31.5306611,34.6082554
בת ים,גינוסר,עגנון,180,32.0170932,34.7395937,32.0185557,34.7404211
באר שבע,זלמן ארן,שדרות גולדה מאיר,180,31.2562066,34.7622124,31.2576615,34.7613885
באר שבע,עדה גלר,פלורי אשר,179,31.2661935,34.7521497,31.2669514,34.7504832
לוד,בן יהודה,החלוץ,179,31.9561233,34.903237,31.9568255,34.901529
אשדוד,החרצית,הרותם,179,31.7894876,34.6524977,31.790052,34.6507248
קריית אונו,יצחק שדה,כצנלסון,178,32.0616218,34.8494736,32.0603184,34.8505714
בית שמש,הרב מרדכי אליהו,הרב קוק,178,31.708496,35.0029413,31.7100926,35.0028036
ראשון לציון,ההתישבות,חצור,178,31.9677535,34.8242994,31.9686407,34.8258684
זכרון יעקב,בזלת,הפנינה,178,32.5650055,34.9413821,32.5634711,34.9408464
באר שבע,גולדה מאיר,זלמן ארן,177,31.2562468,34.7622844,31.2576819,34.7614702
חריש,טופז,טורקיז,177,32.4643077,35.0443641,32.4645285,35.046232
ראשון לציון,העמית יצחק,שמעון ישראלי,177,31.9898859,34.753412,31.9905886,34.7517288
נהריה,חיים לבב,שמעון שהרי,176,33.0183151,35.1095616,33.0171991,35.1082256
כפר יונה,נחל בשור,נחל חרוד,176,32.3165461,34.9246596,32.3150417,34.9240867
לוד,מרדכי וחווה פרימן,סג'רה,176,31.9540136,34.9039507,31.9525953,34.9031344
אלפי מנשה,ארבל,מירון,175,32.1704213,35.0074188,32.1688434,35.0074207
גן יבנה,אלתרמן נתן,יהודה עמיחי,175,31.794798,34.7067302,31.7951661,34.7085338
פתח תקווה,בת שלמה,ראש פינה,175,32.1036563,34.8742459,32.1031833,34.8724713
חיפה,אהרון צייטלין,יצחק בן צבי,175,32.8187375,35.0678143,32.8179444,35.0694312
אשקלון,דרום אפריקה,הרקפת,174,31.6745545,34.5636723,31.6761006,34.5639198
הרצליה,אברהם הרצפלד,דוד המלך,173,32.1781349,34.8146693,32.179507,34.815525
כפר תבור,יערה,תאנה,172,32.6885726,35.4197515,32.6901166,35.4198607
אשקלון,חופית,עמישב,172,31.6762932,34.5883201,31.6755002,34.5867605
מודיעין-מכבים-רעות,גולדה מאיר,לוי אשכול,172,31.9017245,34.9764664,31.9006419,34.9777637
באר שבע,גדעון האוזנר,נחום שריג,172,31.2858863,34.8058619,31.2866406,34.8074379
דימונה,דוגית,מורג,172,31.0691101,35.0407023,31.0700031,35.0392327
אשדוד,שבט בנימין,שבט יהודה,171,31.7776108,34.6384793,31.7761634,34.6378577
ירושלים,פיתוחי חותם,שמעון הצדיק,171,31.794162,35.2228648,31.7939264,35.2246558
קרני שומרון,הצלילים,כלי שיר,171,32.1699874,35.104948,32.1712747,35.1059468
הרצליה,הפרטיזנים,מורדי הגטאות,171,32.1684061,34.857932,32.1697225,34.8588758
קרני שומרון,החלילים,כלי שיר,171,32.1718275,35.1065242,32.1727776,35.1079467
מודיעין-מכבים-רעות,עמק האלה,עמק חרוד,170,31.9178454,35.0028031,31.9173666,35.0010877
יבנה,אלעזר דוד,הראשונים,170,31.8689815,34.7502315,31.8686275,34.7484775
ערד,אביב,המכבים,170,31.2576933,35.2156699,31.2569863,35.2172567
לוד,לאה אימנו,שרה אימנו,170,31.9405289,34.8971149,31.9398866,34.8987476
טבריה,בן אליעזר,"שז""ר",170,32.7821853,35.5165035,32.7807295,35.5159582
באר שבע,נחל גוב,נחל פרס,170,31.2293141,34.8213175,31.2296899,34.8195887
גבעתיים,אלישע רודין,קפלנסקי,169,32.0631909,34.8179369,32.0639522,34.8163825
אשדוד,ה' באייר,המתנדבים,169,31.783041,34.6433726,31.7843713,34.6442346
ראשון לציון,חגי הנביא,נחמיה,169,31.950498,34.8140183,31.9519947,34.8137251
זכרון יעקב,ששת הימים,"תש""ח",169,32.5648337,34.9497618,32.5633227,34.9496055
ירושלים,גת,קרית משה,168,31.7858247,35.1972723,31.7859458,35.1954963
מודיעין-מכבים-רעות,יחזקאל הנביא,ישעיהו הנביא,168,31.9126046,35.002887,31.9135498,35.0042805
ירושלים,ארונה היבוסי,מעלות בני,168,31.7727093,35.2274476,31.771326,35.2267248
תל מונד,היהלום,השוהם,168,32.2494121,34.9093649,32.2490381,34.9076328
חולון,הוגו ארנסט,הציונות,168,32.0073011,34.7659837,32.0069021,34.7677028
כפר יונה,הרב קוק,עולי הגרדום,168,32.3184762,34.9377906,32.3186532,34.9395659
ירושלים,האייל,הכפיר,167,31.7535518,35.1850103,31.7534705,35.1867788
ראש העין,אירוס,יערה,167,32.0971756,34.9668749,32.0986352,34.967296
ערד,הקנאים,שמעון,167,31.2573686,35.2030104,31.2581489,35.2045107
עכו,בן עמי,עוקף עכו,167,32.918955,35.0968021,32.9204489,35.0969601
ירושלים,אל סלבדור,אריה דולצ'ין,167,31.7481567,35.171505,31.7492616,35.170313
כפר יונה,גולני,יפתח,166,32.3149642,34.9215694,32.3135442,34.9210111
חיפה,כל ישראל חברים,לואי פסטר,165,32.8208306,34.9681837,32.8219531,34.9670214
מצפה רמון,שביל ממשית,שביל שבטה,165,30.6112479,34.8068453,30.6127301,34.8069796
אלפי מנשה,ארבל,חרמון,165,32.1739632,35.0105002,32.1726555,35.0113328
באר שבע,ג'ו אלון,שדרות ירושלים,165,31.2441883,34.7812063,31.2452887,34.782372
נס ציונה,חיים ברלב,מנחם בגין,164,31.9246321,34.7825819,31.9236412,34.7838749
ירושלים,אהלי יוסף,אוהלי יוסף,164,31.7974352,35.2165567,31.7960582,35.2171895
אילת,אבני החושן,שוהם,163,29.5495731,34.9497129,29.5498108,34.948048
רחובות,רחל הירשזון,רחל הרשנזון,163,31.8871261,34.805433,31.8879523,34.8068604
רעננה,המעיין,לזר,163,32.1835228,34.8560712,32.1841916,34.8545322
באר שבע,לוין קיפניס,נחום גוטמן,163,31.2381386,34.7796614,31.239602,34.7796884
בת ים,אלתרמן,השר שפירא,163,32.0155009,34.7423916,32.0166185,34.7435027
ירושלים,הרחמים,קהילת ירושלים,162,31.7746514,35.2445672,31.7752117,35.2429807
בני ברק,עזרא,שלמה המלך,162,32.0804124,34.8394467,32.07932,34.8383027
ירושלים,א-נג'ום,קלרמון-גנו,162,31.7954731,35.2342022,31.7962885,35.232785
באר שבע,נחל חיון,נחל נקרות,161,31.2301084,34.8264255,31.2315129,34.8268528
רמת גן,רננים,שדרות העם הצרפתי,161,32.0932374,34.8147923,32.0938601,34.8163308
באר שבע,לאה גולדברג,שמעוני,161,31.2537211,34.7955268,31.252277,34.7955369
בית שאן,אווה בויאר,נורדאו,160,32.5010128,35.4956793,32.5020683,35.4968466
באר שבע,"אלדד שיב ד""ר",בדר,160,31.2741426,34.8238878,31.2744583,34.8222402
באר שבע,מרק חסמן,פינקל,160,31.2647201,34.7553595,31.2652398,34.7537875
הרצליה,יעקב דורי,משה שמיר,160,32.1755382,34.8418916,32.1756672,34.8401976
ערד,סלע,פלדה,160,31.2493715,35.2044602,31.2499524,35.2059976
טבריה,דרך מרן,המברג,159,32.7847515,35.4974541,32.784127,35.498989
אשקלון,הצופים,עליית הנוער,159,31.6603005,34.5700023,31.6595081,34.5714018
מבשרת ציון,הדרור,הזמיר,159,31.8059696,35.1483406,31.8073977,35.1483179
ירושלים,בן סירא,שלומציון המלכה,159,31.7783888,35.2226773,31.7796838,35.2219742
אור עקיבא,איסר הראל,מאיר עמית,158,32.5060145,34.923433,32.5059413,34.9251179
נס ציונה,אליהו מירון,התבור,158,31.9343284,34.8018159,31.935086,34.8032331
באר שבע,נחל דליות,נחל לבן,157,31.2301105,34.8176006,31.2287085,34.8174328
קרני שומרון,הדקל,ההדס,156,32.1707706,35.0775431,32.1693913,35.0778532
שדרות,הרקפת,קרן היסוד,156,31.5304644,34.5914861,31.5291464,34.5909237
ראש העין,מגדל דוד,סמדר,156,32.0863176,34.9556494,32.087094,34.9542715
ירושלים,אבל פן,קובובי,155,31.7612774,35.1816948,31.7600139,35.1823939
אשקלון,הנמל,יפה נוף,155,31.679988,34.5578614,31.6811522,34.558767
ערד,נחל,ערוץ,155,31.2536359,35.1976375,31.2546932,35.1987026
אשדוד,כסלו,תשרי,155,31.7806688,34.6408011,31.779492,34.6399243
תל מונד,הדובדבן,התפוח,155,32.2457135,34.9238323,32.2462793,34.9253368
הרצליה,ברל כצנלסון,מורדי הגטאות,154,32.1680609,34.8573923,32.1669857,34.8584303
חיפה,התמר,חרוב,154,32.8131669,34.969066,32.8133696,34.9674322
חיפה,Grand Kenyon-To Northern Parking,נחל גיבורים,154,32.7889246,35.0035819,32.7897989,35.0048641
שדרות,דוד אלעזר,יגאל אלון,154,31.5226464,34.6013262,31.5226169,34.5997017
ראש העין,גפן,האילנות,154,32.096514,34.9627888,32.095135,34.9628921
רחובות,ה' באייר,הרשנזון רחל,154,31.8896034,34.8096369,31.8904012,34.8109643
חולון,הנביאים,יחזקאל,153,32.016452,34.7909808,32.0155235,34.7921843
נתניה,הידידות,הרעות,153,32.3183139,34.8489919,32.3169401,34.8491233
ראשון לציון,נאות גולן,קצרין,153,31.9814175,34.7608196,31.9816749,34.7592257
באר שבע,הנרייטה סולד,כיכר נאוי,153,31.2468306,34.7983856,31.2467889,34.7999944
רמת גן,משה דיין,שדרות הקונגרס,153,32.0614689,34.8277347,32.0615967,34.8261201
בית שאן,גולדה מאיר,משה שרת,153,32.4888034,35.4909081,32.4901394,35.491289
הרצליה,גיל,מנורה,153,32.1622208,34.8620038,32.1626861,34.860479
הרצליה,ברל כצנלסון,חוני המעגל,152,32.1668733,34.8582392,32.1679294,34.8572111
אשדוד,חזקיה המלך,עזריה המלך,152,31.7744806,34.6475264,31.7755896,34.6484642
אשקלון,מעלות אשר,שלמה כהן,152,31.6785591,34.5777374,31.678559,34.5761333
רעננה,המעיין,הנחל,152,32.1838301,34.8545013,32.1835228,34.8560712
חיפה,חורשת הבנים,קרן היסוד,151,32.7904351,35.0007864,32.7896604,35.0021181
ירושלים,אבוהב,רג'ואן,151,31.7611046,35.1897393,31.7616914,35.1882957
אשדוד,דוד המלך,רחבעם המלך,151,31.7785895,34.6436407,31.7775323,34.6426388
ראש העין,האילנות,תאנה,151,32.0960573,34.9635372,32.0947066,34.9636905
באר שבע,משה קהירי,נחום סנה,151,31.2844208,34.8007444,31.2832086,34.8014552
נתניה,הזמיר,החסידה,150,32.3037301,34.8816709,32.3047959,34.882655
ראש העין,דליות,יערה,150,32.0975501,34.9690951,32.0987458,34.9683515
